department,Total_Salary,Average_Salary
Engineering,360000,90000.0
Finance,160000,80000.0
HR,161000,53666.666666666664
Marketing,200000,66666.66666666667
Sales,219000,73000.0
